variable,importance
visitor_arrivals,27.032438447165767
avg_stay_monthly_capped,23.35783507547048
month,14.270376402398977
china_share,12.557529243645277
